id,host_id,host_name,neighbourhood_cleansed,latitude,longitude,property_type,room_type,accommodates,bathrooms,bedrooms,beds,price,minimum_nights,maximum_nights,availability_365,number_of_reviews,review_scores_rating
2992450,4621559,Kenneth,THIRD WARD,42.65789,-73.7537,Entire rental unit,Entire home/apt,4,1,2,2,$80.43,28,1125,77,9,3.56
3820211,19648678,Ming,SIXTH WARD,42.65222,-73.76724,Entire rental unit,Entire home/apt,3,1,1,1,$211.00,1,1125,328,317,4.75
5651579,29288920,Gregg,SECOND WARD,42.64615,-73.75966,Entire rental unit,Entire home/apt,2,1,,1,$97.00,1,1125,25,406,4.52
6623339,19648678,Ming,SIXTH WARD,42.65222,-73.76724,Entire rental unit,Entire home/apt,2,1,1,1,$160.00,1,1125,359,332,4.73
9501054,29288920,Gregg,SECOND WARD,42.64734,-73.75851,Private room in rental unit,Private room,2,1,,2,$86.00,1,1125,235,469,4.58
10768745,5691268,Elizabeth,FOURTEENTH WARD,42.66078,-73.80553,Private room in guest suite,Private room,1,1,,1,$58.00,1,1125,154,906,4.84
11253948,4259750,Peter,FIFTEENTH WARD,42.67567,-73.82438,Entire place,Entire home/apt,10,2,3,4,$277.31,1,1124,357,227,4.96
11639446,61700428,Abdullah,ELEVENTH WARD,42.67583,-73.78297,Private room in home,Private room,1,1.5,,1,$62.87,15,112,364,231,4.81
12799126,69729286,Musab,SIXTH WARD,42.65154,-73.76867,Private room in rental unit,Private room,1,1,,2,$64.00,5,300,263,29,4.83
13083497,1364123,Akhilesh,FIFTEENTH WARD,42.66972,-73.82753,Entire home,Entire home/apt,6,2,4,4,$313.00,2,1125,319,200,4.66
14316232,36438637,Chad,TENTH WARD,42.65726,-73.78219,Private room in home,Private room,1,1,,1,$51.89,18,1125,276,55,4.67
14989805,4259750,Peter,FIFTEENTH WARD,42.673512,-73.819679,Entire home,Entire home/apt,7,2,2,2,$394.00,1,730,305,143,4.95
15580397,89705052,Share,NINTH WARD,42.65651,-73.77887,Private room in home,Private room,2,1,,1,$68.50,2,1125,97,55,4.69
16531782,5691268,Elizabeth,FOURTEENTH WARD,42.66075,-73.80605,Private room in guest suite,Private room,2,1,,1,$92.00,1,1125,333,604,4.78
17238066,61700428,Abdullah,FIFTH WARD,42.67614,-73.78169,Private room in home,Private room,1,1.5,,1,$60.67,15,112,364,132,4.92
17514620,36438637,Chad,TENTH WARD,42.6584,-73.78309,Private room in home,Private room,1,1,,1,$52.43,1,1125,332,56,4.75
18341426,4259750,Peter,FIFTEENTH WARD,42.67637,-73.82395,Entire home,Entire home/apt,6,1,2,3,$411.50,2,1125,350,58,4.97
19527043,15223767,Ed,NINTH WARD,42.65312,-73.78161,Private room in home,Private room,2,1,,1,$92.00,1,1125,228,92,4.96
20519885,67171774,Michael And Flerida,FOURTEENTH WARD,42.65846,-73.80201,Entire home,Entire home/apt,9,2,5,6,$388.00,4,730,334,132,4.94
20620135,4259750,Peter,FIFTEENTH WARD,42.675,-73.82382,Entire home,Entire home/apt,6,1,2,3,$246.49,1,1125,324,102,4.91
20633175,65414985,James,SEVENTH WARD,42.64939,-73.76865,Entire rental unit,Entire home/apt,4,1,1,2,$194.00,2,1125,355,132,4.91
20671966,98744672,Bela,NINTH WARD,42.65532,-73.78244,Entire home,Entire home/apt,2,1,1,1,$128.50,2,1125,258,54,4.89
21052414,135717458,Chad,THIRTEENTH WARD,42.66565,-73.77975,Private room in home,Private room,2,1,,1,$51.23,18,1125,359,49,4.8
21392315,98744672,Bela,NINTH WARD,42.65372,-73.78244,Entire rental unit,Entire home/apt,2,1,1,1,$131.50,2,1125,259,140,4.86
21449583,4259750,Peter,FIFTEENTH WARD,42.67547,-73.82402,Entire home,Entire home/apt,10,1,4,5,$845.75,4,1125,364,9,5
21752534,152762198,Allen,TENTH WARD,42.66045,-73.77833,Entire rental unit,Entire home/apt,4,1,1,2,$114.33,3,730,236,191,4.75
21769213,135717458,Chad,ELEVENTH WARD,42.66572,-73.77834,Private room in home,Private room,2,,,,,18,1125,17,36,4.78
21769439,135717458,Chad,ELEVENTH WARD,42.66703,-73.77842,Private room in home,Private room,1,1,,1,$49.00,20,1125,303,28,4.79
22398196,98744672,Bela,NINTH WARD,42.65501,-73.78122,Private room in home,Private room,2,1,,1,$103.00,2,1125,312,142,4.91
24606880,98744672,Bela,NINTH WARD,42.65431,-73.78178,Private room in guest suite,Private room,2,1,,1,$97.00,2,1125,352,58,4.93
25549565,9666970,Janet,SIXTH WARD,42.65345,-73.7645,Entire guest suite,Entire home/apt,2,1,1,3,$115.00,1,1125,102,996,4.9
26139592,6833937,Farah,SIXTH WARD,42.65403,-73.76325,Entire rental unit,Entire home/apt,4,1,1,1,$137.00,2,1125,309,173,4.86
27670660,98744672,Bela,NINTH WARD,42.65430832,-73.78177643,Private room in rental unit,Private room,2,1,,1,$100.00,2,1125,296,39,5
27692601,202580880,Rosanne,EIGHTH WARD,42.64514,-73.80668,Entire home,Entire home/apt,4,1.5,2,5,$342.50,2,30,169,17,4.94
28400263,15223767,Ed,NINTH WARD,42.65464,-73.78348,Private room in rental unit,Private room,2,1,,1,$69.00,1,730,224,280,4.96
28722270,44434571,Earl Vanze,SECOND WARD,42.64535,-73.75365,Entire loft,Entire home/apt,5,1,1,2,$142.00,1,1125,353,749,4.8
28868857,44434571,Earl Vanze,SECOND WARD,42.64535,-73.75365,Entire rental unit,Entire home/apt,3,1,1,2,$119.00,1,1125,338,692,4.72
28929840,194113768,Rachel,FOURTH WARD,42.6737,-73.75313,Private room in home,Private room,2,1,,1,$195.00,1,1125,149,9,5
29605579,19648678,Ming,SIXTH WARD,42.65235,-73.76714,Entire rental unit,Entire home/apt,2,1,1,1,$186.00,1,1125,357,137,4.71
30189794,98744672,Bela,NINTH WARD,42.6533,-73.78114,Private room in home,Private room,1,1,,1,$100.00,2,1125,225,78,4.95
32279028,172223381,Diana,EIGHTH WARD,42.64936,-73.80278,Private room in home,Private room,1,,,,,1,1125,0,220,4.96
32450400,97330032,Sherrell,FOURTH WARD,42.6761,-73.73825,Private room in home,Private room,4,1,2,2,$202.67,3,1125,270,1,5
32993402,44434571,Earl Vanze,SECOND WARD,42.64563,-73.75311,Entire rental unit,Entire home/apt,6,1,2,3,$188.00,1,1125,348,488,4.69
33558235,44434571,Earl Vanze,SECOND WARD,42.64585,-73.75297,Entire rental unit,Entire home/apt,6,1,2,2,$186.00,1,1125,350,505,4.74
35793179,15223767,Ed,SEVENTH WARD,42.65259,-73.78223,Private room in home,Private room,2,1,,1,$69.00,1,1125,228,224,4.99
35914565,232967878,Diana,SECOND WARD,42.64506,-73.75727,Entire rental unit,Entire home/apt,2,1,1,1,$145.00,2,1125,73,336,4.81
36443605,188679144,Elizabeth,THIRTEENTH WARD,42.66619,-73.79031,Entire rental unit,Entire home/apt,4,,2,2,$97.07,30,730,365,54,4.8
38321579,172223381,Diana,EIGHTH WARD,42.65085,-73.80239,Private room in home,Private room,1,1.5,,1,$75.00,1,1125,236,490,4.97
39093517,299638115,Flerida,SIXTH WARD,42.65507,-73.76138,Entire rental unit,Entire home/apt,4,1,2,2,$230.00,1,365,306,57,4.77
39698576,188679144,Elizabeth,NINTH WARD,42.65483,-73.78033,Entire rental unit,Entire home/apt,4,1,1,1,$131.80,5,1125,269,25,4.48
39864828,10313615,Matthew,FOURTH WARD,42.66091,-73.74285,Entire rental unit,Entire home/apt,4,1,2,2,$303.00,1,14,169,247,4.94
40491172,152762198,Allen,THIRTEENTH WARD,42.66827,-73.79231,Entire rental unit,Entire home/apt,5,1,2,3,$137.00,3,700,254,147,4.86
40828178,47491906,Lloyd,FOURTH WARD,42.67773,-73.73899,Entire home,Entire home/apt,4,1,1,3,$177.00,1,800,224,175,4.99
42009788,188679144,Elizabeth,SIXTH WARD,42.65315,-73.76202,Entire rental unit,Entire home/apt,4,1,2,2,$132.40,7,1125,360,25,4.76
42567833,339085327,Arkady,NINTH WARD,42.65567,-73.7854,Entire rental unit,Entire home/apt,4,,3,,$77.54,70,1125,365,0,
42763847,649068,Anthony,FIRST WARD,42.63876,-73.78535,Entire home,Entire home/apt,6,1.5,3,3,$294.42,1,1125,140,142,4.78
43208391,272907816,Angela,SECOND WARD,42.64453,-73.75426,Entire rental unit,Entire home/apt,4,1,2,2,$293.00,1,29,74,134,4.84
43459803,299638115,Flerida,SIXTH WARD,42.65556,-73.76205,Entire rental unit,Entire home/apt,3,1,1,2,$301.00,1,1080,365,24,4.96
43736299,349460842,Scott,TENTH WARD,42.66257,-73.78281,Entire home,Entire home/apt,6,,3,,,,,0,131,4.85
43955950,232967878,Diana,EIGHTH WARD,42.64383,-73.78926,Entire home,Entire home/apt,6,1,3,3,$370.50,2,1125,58,92,4.91
44180048,355777684,Lloyd,SIXTH WARD,42.65935,-73.76805,Entire rental unit,Entire home/apt,4,1,,1,$140.00,1,365,306,401,4.97
44265426,355777684,Lloyd,SIXTH WARD,42.66006,-73.76966,Entire rental unit,Entire home/apt,4,1,1,2,$159.00,1,1125,320,330,4.99
44450012,353498132,Michael,EIGHTH WARD,42.64808,-73.7996,Entire rental unit,Entire home/apt,4,1,2,2,$173.54,13,1125,242,28,4.86
45024912,362851072,Elsa,FOURTEENTH WARD,42.66132,-73.7956,Entire rental unit,Entire home/apt,3,1,1,1,$168.00,1,365,358,134,4.95
45074220,272907816,Angela,SECOND WARD,42.64454,-73.75369,Entire loft,Entire home/apt,4,1,,3,$166.00,1,29,73,57,4.68
45528939,47625981,Linda,SECOND WARD,42.64801,-73.75668,Entire rental unit,Entire home/apt,3,1,1,1,$217.00,1,1125,185,102,4.61
45529316,47625981,Linda,SECOND WARD,42.64821,-73.75793,Entire rental unit,Entire home/apt,3,1,1,1,$217.00,1,1125,330,132,4.79
45529447,47625981,Linda,SECOND WARD,42.64713,-73.75628,Entire rental unit,Entire home/apt,4,1,2,2,$234.00,1,1125,183,155,4.64
46894493,69789449,Dan,NINTH WARD,42.65311,-73.78525,Entire home,Entire home/apt,4,1,2,2,$331.00,1,1125,234,280,4.99
47334913,152762198,Allen,THIRTEENTH WARD,42.66646,-73.79184,Entire rental unit,Entire home/apt,5,1,2,2,$133.67,3,1125,243,121,4.88
47345872,19648678,Ming,SIXTH WARD,42.65345,-73.76663,Entire rental unit,Entire home/apt,2,1,1,1,$180.00,1,1125,335,116,4.71
47408047,152762198,Allen,FOURTEENTH WARD,42.67156,-73.80883,Entire rental unit,Entire home/apt,3,1,1,1,$121.73,3,700,335,85,4.91
47440071,382970529,Thomas,THIRTEENTH WARD,42.6692,-73.79849,Private room in home,Private room,3,,,,$150.00,1,1125,2,216,4.96
47828453,299638115,Flerida,THIRD WARD,42.656,-73.76123,Entire rental unit,Entire home/apt,3,1,2,3,$197.67,1,1125,205,29,4.55
47943571,385664127,Dillon,THIRD WARD,42.65118,-73.75274,Entire rental unit,Entire home/apt,4,1,1,2,$218.00,1,1125,248,190,4.84
48052353,349460842,Scott,TENTH WARD,42.66261,-73.78332,Entire home,Entire home/apt,6,1,3,4,$264.75,1,1125,331,175,4.79
48124042,385664127,Dillon,THIRD WARD,42.64982,-73.7509,Entire rental unit,Entire home/apt,6,1,2,3,$276.00,1,730,162,257,4.89
48172884,98744672,Bela,NINTH WARD,42.65399,-73.78126,Private room in home,Private room,1,1,,1,$86.00,2,1125,265,92,4.93
48470454,4259750,Peter,THIRTEENTH WARD,42.66526413,-73.78692627,Entire home,Entire home/apt,13,5.5,6,7,"$1,040.50",1,1125,339,67,4.93
48599533,392074908,Jerry,SIXTH WARD,42.65429,-73.75986,Entire rental unit,Entire home/apt,2,1,1,1,$149.00,2,1125,146,109,4.66
50171851,48490017,Todd,SIXTH WARD,42.65157,-73.76546,Entire rental unit,Entire home/apt,2,1,1,1,$126.50,2,365,88,221,4.99
50207226,47625981,Linda,FOURTH WARD,42.65888,-73.74673,Entire rental unit,Entire home/apt,3,1,1,1,$215.00,1,1125,185,105,4.72
50211226,105597161,Katelyn,ELEVENTH WARD,42.66034,-73.77163,Entire rental unit,Entire home/apt,3,1,1,2,$188.50,2,1125,318,201,4.97
50354540,188679144,Elizabeth,SIXTH WARD,42.65333,-73.76402,Entire rental unit,Entire home/apt,4,1,2,2,$207.33,3,365,362,20,4.45
50639032,172539578,David Yisrael,FIFTEENTH WARD,42.67945,-73.81647,Private room in home,Private room,1,1,1,1,$96.00,3,180,119,46,4.93
50890336,47625981,Linda,FOURTH WARD,42.65901,-73.74748,Entire rental unit,Entire home/apt,2,1,1,1,$217.00,1,1125,194,47,4.64
51230498,414738935,Sonya,THIRD WARD,42.66064,-73.76074,Room in aparthotel,Entire home/apt,2,,1,,$112.00,1,1125,125,278,4.73
51461480,416799784,Rosie,TENTH WARD,42.65969,-73.77564,Entire rental unit,Entire home/apt,2,1,1,1,$126.00,1,120,146,32,4.94
51579900,47625981,Linda,FOURTH WARD,42.65856,-73.74866,Entire rental unit,Entire home/apt,3,1,1,1,$165.50,1,1125,131,89,4.74
51592836,60293220,David,THIRD WARD,42.65844,-73.74978,Entire rental unit,Entire home/apt,2,1,1,1,$161.50,2,365,360,98,4.74
52152157,152762198,Allen,FIRST WARD,42.63066,-73.77357,Entire townhouse,Entire home/apt,5,,2,2,$195.67,3,365,135,93,4.89
52241973,35465673,Jason,SIXTH WARD,42.65641,-73.76413,Entire guest suite,Entire home/apt,2,1,,1,$118.00,1,1125,59,401,4.91
52360097,392074908,Jerry,SIXTH WARD,42.65386,-73.75958,Entire rental unit,Entire home/apt,2,1,1,1,$149.00,2,1125,353,81,4.64
52611613,232967878,Diana,NINTH WARD,42.65674,-73.79221,Entire home,Entire home/apt,6,1,3,3,$268.00,2,1125,243,158,4.93
52691284,232967878,Diana,TENTH WARD,42.66236,-73.79245,Entire home,Entire home/apt,12,2.5,5,7,$819.00,1,1125,236,113,4.94
52837196,47625981,Linda,FOURTH WARD,42.65812,-73.74837,Entire rental unit,Entire home/apt,3,1,1,1,$217.00,1,1125,196,88,4.67
52863776,355777684,Lloyd,SIXTH WARD,42.65826,-73.76944,Entire rental unit,Entire home/apt,4,1,1,2,$154.00,1,1125,327,283,4.96
53483727,433096110,Brian,FOURTEENTH WARD,42.65824,-73.80114,Entire vacation home,Entire home/apt,9,1.5,5,5,$315.00,1,28,230,188,4.92
53567589,433096110,Brian,SIXTH WARD,42.65204,-73.76655,Entire rental unit,Entire home/apt,2,1,1,1,$177.00,1,28,89,308,4.86
53645427,47625981,Linda,FOURTH WARD,42.65913,-73.74722,Entire rental unit,Entire home/apt,5,2,2,2,$269.00,1,1125,178,144,4.59
53860077,4259750,Peter,FIFTEENTH WARD,42.674675,-73.822861,Entire cottage,Entire home/apt,10,2,4,6,$700.50,1,1125,356,62,4.97
53971505,60293220,David,FOURTH WARD,42.65873,-73.7494,Entire rental unit,Entire home/apt,2,,1,,,13,1125,365,3,5
54126420,37769478,Erion,TENTH WARD,42.66261,-73.79026,Entire rental unit,Entire home/apt,2,1,1,1,$146.00,1,1125,248,124,4.76
54126421,37769478,Erion,SIXTH WARD,42.65422,-73.76996,Entire rental unit,Entire home/apt,4,1,2,3,$183.00,1,1125,325,82,4.9
54126427,37769478,Erion,SIXTH WARD,42.65403,-73.77056,Entire rental unit,Entire home/apt,2,1,1,1,$173.00,1,1125,337,192,4.88
54150131,432936385,Jared,SIXTH WARD,42.65143,-73.76497,Entire townhouse,Entire home/apt,8,,3,,,1,1125,0,266,4.98
54369238,152762198,Allen,NINTH WARD,42.65578,-73.78641,Entire townhouse,Entire home/apt,6,1.5,2,2,$143.67,3,1125,219,87,4.89
54369240,152762198,Allen,TENTH WARD,42.65905,-73.77964,Entire rental unit,Entire home/apt,3,1,1,1,$136.67,3,1125,319,66,4.73
5.59E+17,433884293,Uniah,NINTH WARD,42.66062,-73.79112,Entire rental unit,Entire home/apt,2,1,1,2,$95.17,5,1125,363,2,3
5.88E+17,353498132,Michael,SECOND WARD,42.64441,-73.75647,Entire rental unit,Entire home/apt,2,1,1,1,$107.69,13,365,166,17,5
5.93E+17,382970529,Thomas,THIRTEENTH WARD,42.66911,-73.79869,Private room in home,Private room,2,,,,$124.00,1,1125,3,157,4.96
6.17E+17,433096110,Brian,SIXTH WARD,42.65353,-73.7679,Entire rental unit,Entire home/apt,2,1,1,1,$177.00,1,28,91,242,4.84
6.20E+17,353498132,Michael,SECOND WARD,42.64489,-73.75731,Entire rental unit,Entire home/apt,2,1,1,1,$151.69,13,365,282,12,5
6.22E+17,382970529,Thomas,FOURTEENTH WARD,42.66762,-73.79919,Entire home,Entire home/apt,12,3.5,4,4,"$1,701.00",1,1125,148,18,4.94
6.28E+17,47625981,Linda,SECOND WARD,42.64528,-73.75861,Entire rental unit,Entire home/apt,2,1,1,1,$208.00,1,1125,189,66,4.76
6.29E+17,7164949,Jordan,THIRD WARD,42.66169975,-73.76466828,Private room in rental unit,Private room,1,1,2,2,$93.67,3,7,88,0,
6.34E+17,119340359,Lori,SIXTH WARD,42.65323,-73.76797,Entire rental unit,Entire home/apt,5,,3,,,30,1125,0,103,4.97
6.39E+17,335923036,Mohammed,SECOND WARD,42.645351,-73.753647,Entire rental unit,Entire home/apt,4,1,1,1,"$1,267.00",1,365,365,10,3.7
6.50E+17,353498132,Michael,SECOND WARD,42.64625,-73.75663,Entire rental unit,Entire home/apt,2,1,,1,$215.86,14,365,166,8,4.75
6.59E+17,466389096,Patrice,FIRST WARD,42.6374547,-73.7716647,Entire home,Entire home/apt,4,,4,4,$213.80,5,1125,357,5,5
6.62E+17,466389096,Patrice,FIRST WARD,42.6378819,-73.7715269,Entire home,Entire home/apt,4,,4,3,$175.51,7,1125,365,2,5
6.78E+17,203631769,Johnny,SECOND WARD,42.64531,-73.75963,Entire rental unit,Entire home/apt,4,,2,,,2,29,0,28,4.86
6.90E+17,1717342,David,SIXTH WARD,42.65405765,-73.760713,Entire condo,Entire home/apt,2,1,1,1,$149.00,1,21,315,348,4.89
6.93E+17,67337944,Rabia,ELEVENTH WARD,42.6623,-73.777,Entire rental unit,Entire home/apt,2,1,1,1,$84.47,31,1125,166,103,4.81
6.99E+17,476189412,Timothy,SECOND WARD,42.6468502,-73.7587258,Entire condo,Entire home/apt,4,2,2,2,$436.00,2,1125,122,10,5
7.04E+17,3650672,Zuhair,THIRTEENTH WARD,42.67075,-73.79704,Entire guest suite,Entire home/apt,7,1,3,5,$290.00,2,1125,160,6,4.67
7.05E+17,58406953,Nicholas,THIRTEENTH WARD,42.67485,-73.79867,Entire rental unit,Entire home/apt,2,1,1,1,$145.33,3,730,162,9,4.89
7.06E+17,353498132,Michael,SECOND WARD,42.64577,-73.7583,Entire rental unit,Entire home/apt,2,1,1,1,$231.54,13,365,166,10,4.9
7.17E+17,232967878,Diana,THIRTEENTH WARD,42.67261,-73.79262,Entire rental unit,Entire home/apt,4,1,2,2,$227.50,2,365,65,75,4.89
7.36E+17,44434571,Earl Vanze,THIRD WARD,42.64564,-73.75261,Entire rental unit,Entire home/apt,4,1,1,1,$155.00,1,1125,357,114,4.71
7.37E+17,77367219,Elizabeth,SIXTH WARD,42.65643,-73.76402,Private room in rental unit,Private room,1,1,1,1,$29.87,30,365,319,3,4.67
7.38E+17,232967878,Diana,TENTH WARD,42.66069,-73.78555,Entire rental unit,Entire home/apt,6,1,4,4,$403.00,1,1125,66,46,4.61
7.40E+17,98744672,Bela,NINTH WARD,42.6543178,-73.7818222,Private room in home,Private room,1,1,,1,$86.00,2,1125,324,47,4.89
7.44E+17,65414985,James,SEVENTH WARD,42.6496,-73.76792,Entire rental unit,Entire home/apt,2,1,1,1,$147.00,2,1125,355,47,4.98
7.57E+17,69729286,Musab,SIXTH WARD,42.65259,-73.76732,Private room in rental unit,Private room,1,1,,2,$55.40,20,365,241,22,4.77
7.57E+17,188679144,Elizabeth,SIXTH WARD,42.65534,-73.76461,Entire rental unit,Entire home/apt,2,1,1,1,$103.60,7,365,312,15,5
7.58E+17,232967878,Diana,THIRTEENTH WARD,42.67261,-73.79262,Entire rental unit,Entire home/apt,4,1,2,2,$249.00,2,365,36,70,4.89
7.61E+17,37769478,Erion,SIXTH WARD,42.65405,-73.76953,Entire rental unit,Entire home/apt,4,1,1,1,$183.00,1,1125,259,50,4.9
7.65E+17,6203319,Melissa,TENTH WARD,42.66117,-73.79091,Private room in home,Private room,1,1,,1,$115.00,1,30,10,44,5
7.75E+17,261036923,Hasan,FOURTEENTH WARD,42.6601,-73.80719,Entire rental unit,Entire home/apt,2,1,1,1,$91.40,4,90,231,78,4.9
7.85E+17,491907850,Donna,FOURTEENTH WARD,42.66298,-73.81361,Private room in home,Private room,1,2,,1,$78.00,1,4,164,62,4.69
7.86E+17,188679144,Elizabeth,THIRD WARD,42.65653,-73.76223,Entire rental unit,Entire home/apt,2,1,1,1,$81.47,30,365,364,3,5
7.86E+17,188679144,Elizabeth,SIXTH WARD,42.65322,-73.76249,Entire rental unit,Entire home/apt,2,1,1,1,$86.95,30,365,354,5,4.6
7.86E+17,253824490,Tomar,FIFTH WARD,42.65915031,-73.75431933,Entire rental unit,Entire home/apt,4,1,1,1,$148.50,2,1125,302,43,4.77
7.87E+17,349460842,Scott,FOURTEENTH WARD,42.6653,-73.7943,Entire home,Entire home/apt,8,2,3,4,$292.14,1,1125,105,150,4.94
7.95E+17,20144241,Vertesol,FIFTH WARD,42.67283,-73.77367,Entire rental unit,Entire home/apt,6,1,3,3,$137.33,1,1125,255,24,4.5
7.96E+17,493882819,Terra,NINTH WARD,42.656329,-73.7752048,Shared room in bed and breakfast,Shared room,15,7,7,8,$840.00,1,1125,141,9,4.67
7.96E+17,493882819,Terra,NINTH WARD,42.65582,-73.77541,Private room in bed and breakfast,Private room,2,1,1,1,$167.00,1,1125,185,12,4.58
7.97E+17,89705052,Share,TENTH WARD,42.65741,-73.78034,Private room in home,Private room,2,1,,1,$68.50,2,1125,101,23,4.78
8.02E+17,493882819,Terra,SIXTH WARD,42.65751,-73.77409,Private room in bed and breakfast,Private room,2,1,,1,$190.00,1,1125,171,6,4.33
8.04E+17,21886921,David,FOURTEENTH WARD,42.66691,-73.79338,Entire rental unit,Entire home/apt,6,,3,,,14,365,2,7,5
8.04E+17,493882819,Terra,NINTH WARD,42.656329,-73.775205,Private room in bed and breakfast,Private room,2,1,,2,$179.00,1,1125,181,6,4.67
8.04E+17,493882819,Terra,NINTH WARD,42.656329,-73.775205,Private room in bed and breakfast,Private room,2,1,,1,$167.00,1,1125,187,10,4.5
8.10E+17,172658781,Jessica,NINTH WARD,42.65613972,-73.79212238,Entire rental unit,Entire home/apt,4,1,2,2,$109.83,30,365,161,3,4.67
8.14E+17,116935236,F S,THIRTEENTH WARD,42.67144,-73.79033,Private room in rental unit,Private room,2,1,,1,$62.80,5,365,360,24,4.63
8.16E+17,37769478,Erion,SIXTH WARD,42.65258,-73.76917,Entire rental unit,Entire home/apt,2,1,1,1,$153.00,1,1125,311,59,4.68
8.22E+17,177073982,Cristian,FOURTEENTH WARD,42.66109,-73.80479,Private room in home,Private room,1,,,,$13.25,90,360,294,3,5
8.26E+17,484673863,Michaela,NINTH WARD,42.65500619,-73.77570156,Entire rental unit,Entire home/apt,5,1,2,2,$236.00,1,365,355,80,4.51
8.31E+17,210596861,Craig,FIFTEENTH WARD,42.67076,-73.82612,Entire home,Entire home/apt,9,2,5,5,$363.00,2,1125,321,140,4.95
8.42E+17,462042479,Natasha,SIXTH WARD,42.66008,-73.76977,Entire rental unit,Entire home/apt,4,1,2,2,$137.00,3,365,362,6,4.33
8.42E+17,462042479,Natasha,SIXTH WARD,42.65987,-73.77025,Entire rental unit,Entire home/apt,4,1,2,2,$137.00,3,365,357,12,4.5
8.43E+17,188679144,Elizabeth,SIXTH WARD,42.65483,-73.76353,Entire rental unit,Entire home/apt,4,1,3,2,$113.64,14,365,364,2,3.5
8.46E+17,268741708,Antoinette,FIRST WARD,42.63504,-73.79833,Entire home,Entire home/apt,8,2,4,5,$587.00,1,1125,134,160,4.97
8.47E+17,49372011,Philip,TWELFTH WARD,42.67336,-73.78619,Entire rental unit,Entire home/apt,7,2,3,3,$266.00,2,1125,173,21,4.52
8.49E+17,1761578,Grant,SIXTH WARD,42.65432,-73.76531,Entire rental unit,Entire home/apt,3,2,2,,$236.00,3,28,233,2,5
8.50E+17,120815848,Phat,SECOND WARD,42.6446,-73.75885,Private room in townhouse,Private room,3,1,,2,$160.00,1,1125,330,233,4.98
8.51E+17,20536619,Emily,THIRTEENTH WARD,42.67177,-73.79464,Private room in home,Private room,1,1.5,,1,$97.00,4,28,75,18,5
8.58E+17,60293220,David,THIRD WARD,42.65817,-73.74935,Entire rental unit,Entire home/apt,2,1,1,1,$137.00,3,365,339,30,4.83
8.70E+17,177073982,Cristian,FOURTEENTH WARD,42.66128,-73.80548,Private room in home,Private room,1,,,,$13.18,90,1125,203,4,5
8.81E+17,37769478,Erion,SIXTH WARD,42.65379,-73.76901,Entire rental unit,Entire home/apt,2,1,1,1,$144.00,1,1125,356,31,4.84
8.82E+17,512736975,Miguelino,TENTH WARD,42.6599733,-73.7747433,Entire rental unit,Entire home/apt,3,1,1,1,$123.50,1,1125,206,79,4.77
8.87E+17,459472925,Gabriel,THIRD WARD,42.66246,-73.76576,Private room in rental unit,Private room,1,1,,2,$48.71,7,1125,364,32,4.66
8.87E+17,459472925,Gabriel,THIRD WARD,42.6628771,-73.7653403,Private room in rental unit,Private room,1,1.5,,1,$50.29,7,720,312,30,4.83
8.89E+17,121680792,Evolve,THIRD WARD,42.6573,-73.7521,Entire rental unit,Entire home/apt,5,1,2,3,$190.00,2,1125,354,19,4.26
8.99E+17,516414095,Rashawn,TENTH WARD,42.66087,-73.78655,Entire home,Entire home/apt,13,2,5,7,$307.08,2,1125,245,66,4.8
9.02E+17,47625981,Linda,SEVENTH WARD,42.64787,-73.76707,Entire rental unit,Entire home/apt,5,1,2,2,$257.00,1,365,182,65,4.77
9.02E+17,349460842,Scott,TENTH WARD,42.66174,-73.78325,Private room in home,Private room,1,1,,1,$46.39,30,365,325,2,5
9.04E+17,4259750,Peter,THIRTEENTH WARD,42.6652959,-73.7868778,Entire rental unit,Entire home/apt,5,2,2,2,$196.28,1,730,264,23,5
9.05E+17,349460842,Scott,TENTH WARD,42.66217,-73.78299,Entire home,Entire home/apt,8,1,4,4,$300.36,1,1125,352,108,4.8
9.17E+17,283643924,Joe,FOURTEENTH WARD,42.65872,-73.79555,Entire rental unit,Entire home/apt,2,1,1,3,$72.53,28,1125,273,7,5
9.18E+17,6203319,Melissa,TENTH WARD,42.66261,-73.79158,Private room in home,Private room,1,1,,1,$92.00,1,10,36,18,4.94
9.19E+17,502751555,Grace,FIFTH WARD,42.67292,-73.7776,Private room in rental unit,Private room,2,1,,1,$107.00,1,365,364,0,
9.21E+17,521669673,Kody,THIRD WARD,42.6586,-73.75743,Entire rental unit,Entire home/apt,2,1,1,1,$102.54,7,365,268,3,4.67
9.29E+17,441054845,Thaddeus,THIRTEENTH WARD,42.67066,-73.79571,Entire rental unit,Entire home/apt,4,,1,,,2,365,0,96,4.8
9.33E+17,232967878,Diana,THIRTEENTH WARD,42.67224,-73.79301,Entire rental unit,Entire home/apt,4,1,2,2,$171.50,2,1125,10,52,4.62
9.34E+17,493882819,Terra,SIXTH WARD,42.65655,-73.77434,Private room in bed and breakfast,Private room,2,1,,1,$167.00,1,1125,178,10,4.7
9.38E+17,526358730,Argus,SIXTH WARD,42.65867,-73.77479,Room in hotel,Private room,2,1,1,1,$174.00,1,365,189,3,5
9.38E+17,526358730,Argus,TENTH WARD,42.65908,-73.77456,Room in hotel,Private room,2,1,1,1,$174.00,1,365,147,9,4.67
9.38E+17,526358730,Argus,TENTH WARD,42.66043,-73.77432,Room in hotel,Private room,2,1,1,1,$174.00,1,365,188,3,4.67
9.38E+17,526358730,Argus,SIXTH WARD,42.65847,-73.77272,Room in hotel,Private room,2,1,1,1,$174.00,1,365,190,7,4.43
9.38E+17,526358730,Argus,SIXTH WARD,42.65908,-73.77326,Room in hotel,Private room,2,1,1,1,$292.00,1,365,182,4,4
9.38E+17,526358730,Argus,TENTH WARD,42.66003,-73.7732,Room in hotel,Private room,2,1,1,1,$280.00,1,365,184,2,5
9.38E+17,526358730,Argus,SIXTH WARD,42.65857,-73.7744,Room in hotel,Private room,2,1,1,1,$241.00,1,365,185,0,
9.38E+17,526358730,Argus,SIXTH WARD,42.65893,-73.77448,Room in hotel,Private room,2,1,1,1,$241.00,1,365,187,0,
9.38E+17,526358730,Argus,TENTH WARD,42.66037,-73.77327,Room in hotel,Private room,2,1,1,1,$241.00,1,365,190,0,
9.38E+17,526358730,Argus,SIXTH WARD,42.65868,-73.77333,Room in hotel,Private room,2,1,1,1,$331.00,1,365,187,0,
9.38E+17,526358730,Argus,TENTH WARD,42.66036,-73.7729,Entire guesthouse,Entire home/apt,6,2,3,4,$431.00,1,365,181,19,4.89
9.38E+17,116935236,F S,ELEVENTH WARD,42.6708367,-73.7853116,Private room in home,Private room,1,1,,1,$75.60,5,365,334,27,4.85
9.38E+17,116935236,F S,THIRTEENTH WARD,42.66974,-73.78611,Private room in home,Private room,1,1,,1,$61.40,5,365,334,49,4.92
9.43E+17,116935236,F S,ELEVENTH WARD,42.67034,-73.7851,Private room in home,Private room,2,2,,1,$71.80,5,365,345,23,4.91
9.50E+17,1717342,David,SIXTH WARD,42.6541815,-73.7608605,Entire rental unit,Entire home/apt,4,1,2,2,$287.00,1,1125,313,259,4.91
9.51E+17,529844022,Eraj,FIRST WARD,42.6376753,-73.7685409,Entire home,Entire home/apt,8,,3,,,1,365,0,14,5
9.64E+17,189586864,Justin,SIXTH WARD,42.65241,-73.77002,Entire rental unit,Entire home/apt,2,1,1,1,$184.00,1,1125,335,139,4.86
9.65E+17,533703131,Abel,THIRD WARD,42.65665876,-73.7493968,Entire rental unit,Entire home/apt,4,,2,,,1,365,0,6,5
9.66E+17,374765317,Tanjin,FIFTEENTH WARD,42.67059,-73.81678,Entire rental unit,Entire home/apt,4,1,2,2,$160.17,3,365,164,28,4.93
9.70E+17,382970529,Thomas,FOURTEENTH WARD,42.66877,-73.79927,Private room in home,Private room,2,4,,1,$90.00,1,1125,14,165,4.86
9.80E+17,241123402,JShing,SIXTH WARD,42.65312775,-73.76950465,Entire rental unit,Entire home/apt,2,1,2,3,$177.00,1,1125,295,42,4.9
9.83E+17,114183978,Tyrell,FIFTH WARD,42.66628,-73.76512,Entire rental unit,Entire home/apt,4,1,2,4,$208.50,2,28,107,7,4.43
9.89E+17,75667477,Ahmad,THIRD WARD,42.65515516,-73.76052583,Entire rental unit,Entire home/apt,3,1,1,2,$108.77,30,180,218,10,5
9.91E+17,93905065,Grace,SIXTH WARD,42.65259924,-73.76178014,Entire rental unit,Entire home/apt,1,1,1,1,$144.00,1,4,69,43,4.86
9.92E+17,152762198,Allen,FOURTEENTH WARD,42.67098,-73.80695,Entire rental unit,Entire home/apt,4,1,2,2,$177.00,3,1125,264,37,4.89
9.93E+17,476189412,Timothy,SEVENTH WARD,42.64485687,-73.77281881,Entire home,Entire home/apt,8,3.5,5,5,$625.00,2,350,127,24,4.67
9.93E+17,309980121,Zhechao Ronald,SIXTH WARD,42.65623,-73.7641152,Entire rental unit,Entire home/apt,6,,3,,,7,27,0,12,5
9.99E+17,531209536,Amar,THIRD WARD,42.65762,-73.75116,Entire rental unit,Entire home/apt,2,,1,1,$161.00,1,1125,253,59,4.93
1.00E+18,31318080,Cindy,EIGHTH WARD,42.6555,-73.81066,Entire home,Entire home/apt,6,2,3,3,$257.91,2,1125,215,97,4.99
1.01E+18,44434571,Earl Vanze,SECOND WARD,42.6453489,-73.7536465,Entire rental unit,Entire home/apt,12,3,4,4,$355.00,1,1125,352,106,4.66
1.01E+18,232967878,Diana,TENTH WARD,42.66091,-73.78453,Entire rental unit,Entire home/apt,6,,4,,,1,365,0,39,4.77
1.01E+18,382970529,Thomas,THIRTEENTH WARD,42.67003,-73.79771,Private room in home,Private room,1,3,,1,$80.00,1,1125,18,75,4.88
1.01E+18,382970529,Thomas,THIRTEENTH WARD,42.66971,-73.79755,Private room in home,Private room,1,3,,1,$84.00,1,1125,10,113,4.89
1.01E+18,382970529,Thomas,FOURTEENTH WARD,42.66806608,-73.79824947,Private room in home,Private room,2,,,,$73.00,1,1125,3,19,4.95
1.01E+18,382970529,Thomas,THIRTEENTH WARD,42.66989925,-73.79770311,Entire home,Entire home/apt,16,4,9,10,"$1,265.00",1,1125,337,11,5
1.01E+18,382970529,Thomas,FOURTEENTH WARD,42.66873,-73.7993,Private room in home,Private room,1,3,,1,$86.00,1,1125,9,53,4.92
1.02E+18,182509542,Yan,NINTH WARD,42.6558992,-73.7965699,Private room in villa,Private room,2,0.5,,1,$34.92,1,365,88,0,
1.02E+18,42708277,Rodney,SIXTH WARD,42.65539,-73.76416,Entire rental unit,Entire home/apt,3,1,,1,$199.00,1,1125,58,62,4.66
1.02E+18,382970529,Thomas,FOURTEENTH WARD,42.66792031,-73.79895761,Private room in home,Private room,2,3,,1,$75.00,1,365,10,54,4.93
1.02E+18,382970529,Thomas,THIRTEENTH WARD,42.66996,-73.79816,Private room in home,Private room,2,3,,1,$86.00,1,365,9,110,4.92
1.02E+18,37769478,Erion,SIXTH WARD,42.6535,-73.77046,Entire rental unit,Entire home/apt,2,1,1,1,$164.00,1,1125,334,71,4.72
1.02E+18,233515764,Etem,SECOND WARD,42.64714,-73.75466,Entire rental unit,Entire home/apt,2,1,,1,$123.00,1,14,231,219,4.71
1.02E+18,47625981,Linda,THIRD WARD,42.6586,-73.76421,Entire rental unit,Entire home/apt,3,1,1,1,$216.00,1,365,190,30,4.53
1.02E+18,47625981,Linda,THIRD WARD,42.65971,-73.76382,Entire rental unit,Entire home/apt,3,,1,,$216.00,1,1125,1,37,4.59
1.03E+18,130404008,Michael,THIRD WARD,42.65711,-73.75133,Entire rental unit,Entire home/apt,4,,2,,,4,365,0,2,4.5
1.04E+18,212885959,Osas,SECOND WARD,42.63976,-73.75705,Entire rental unit,Entire home/apt,4,1,2,2,$171.00,1,1125,347,31,4.42
1.05E+18,52464523,Dashima,FIRST WARD,42.64081,-73.77463,Entire home,Entire home/apt,4,1,2,2,$92.55,30,365,257,9,4.89
1.06E+18,553112010,Lynn,TWELFTH WARD,42.7149,-73.87649,Private room in home,Private room,4,1.5,,1,,2,365,268,1,5
1.06E+18,44434571,Earl Vanze,SECOND WARD,42.64418,-73.75316,Entire townhouse,Entire home/apt,16,4,5,5,$531.00,1,1125,351,24,4.71
1.06E+18,20536619,Emily,THIRTEENTH WARD,42.67096,-73.79514,Private room in home,Private room,1,1.5,,1,$82.25,4,14,72,17,5
1.08E+18,119340359,Lori,SIXTH WARD,42.65531,-73.76449,Entire rental unit,Entire home/apt,3,,1,,,2,1125,0,10,5
1.09E+18,521669673,Kody,THIRD WARD,42.65975,-73.76311,Entire rental unit,Entire home/apt,4,1,1,1,$88.07,14,365,268,1,5
1.09E+18,232967878,Diana,SECOND WARD,42.64409,-73.75709,Entire rental unit,Entire home/apt,2,1.5,1,,$130.50,2,365,77,98,4.84
1.10E+18,232967878,Diana,SIXTH WARD,42.65269,-73.76567,Entire rental unit,Entire home/apt,2,1,,1,$132.00,2,365,37,70,4.91
1.10E+18,152762198,Allen,FOURTEENTH WARD,42.67008,-73.80691,Entire rental unit,Entire home/apt,5,1,2,2,$147.59,3,365,257,51,4.84
1.10E+18,37769478,Erion,SIXTH WARD,42.65289,-73.76834,Entire rental unit,Entire home/apt,2,1,1,,$181.00,1,1125,360,67,4.58
1.10E+18,382970529,Thomas,THIRTEENTH WARD,42.66943,-73.79882,Private room in home,Private room,2,3,,1,$97.00,1,1125,13,56,4.96
1.11E+18,14817455,Matt,THIRD WARD,42.65749,-73.75263,Entire home,Entire home/apt,4,1,2,2,,2,365,211,0,
1.11E+18,418250661,Stephanie,THIRD WARD,42.6564469,-73.7507251,Entire rental unit,Entire home/apt,5,1,1,,$125.00,2,365,189,27,4.48
1.11E+18,42700558,Sefa,FOURTEENTH WARD,42.6643144,-73.81606654,Entire home,Entire home/apt,4,1,2,,$118.33,3,30,112,3,5
1.12E+18,472965048,Short & Comfy,SIXTH WARD,42.65348,-73.7637,Entire rental unit,Entire home/apt,2,,1,2,$195.00,1,365,266,30,4.93
1.12E+18,472965048,Short & Comfy,SIXTH WARD,42.65194,-73.76526,Entire rental unit,Entire home/apt,2,1,1,2,$210.00,1,365,266,36,4.86
1.12E+18,1761578,Grant,SIXTH WARD,42.65314,-73.76546,Entire rental unit,Entire home/apt,2,1,1,1,$313.50,2,365,161,6,3.83
1.12E+18,10279606,Nori,FIFTEENTH WARD,42.66901,-73.82402,Entire townhouse,Entire home/apt,4,1,2,,$218.54,2,365,293,89,4.82
1.12E+18,46312980,Robert,SECOND WARD,42.646032,-73.760482,Entire rental unit,Entire home/apt,2,1,1,,$116.33,3,365,216,7,4.57
1.12E+18,46312980,Robert,SECOND WARD,42.646032,-73.760482,Entire home,Entire home/apt,2,1.5,1,,$137.00,5,365,83,8,5
1.13E+18,502037254,Andrew,SEVENTH WARD,42.64893,-73.76886,Entire rental unit,Entire home/apt,3,1,1,1,$85.60,25,365,210,2,4
1.13E+18,440509865,John,FIFTEENTH WARD,42.6748535,-73.81692445,Entire rental unit,Entire home/apt,4,1,2,2,$206.00,1,120,328,122,4.98
1.13E+18,521669673,Kody,THIRD WARD,42.65909,-73.75691,Entire rental unit,Entire home/apt,2,1,2,1,$90.07,14,365,268,2,4
1.14E+18,522436003,Adriana,THIRTEENTH WARD,42.6689614,-73.7890379,Private room in rental unit,Private room,1,,,1,$46.25,28,365,235,0,
1.14E+18,349460842,Scott,THIRTEENTH WARD,42.66368,-73.78128,Private room in home,Private room,1,1,,1,$78.17,6,365,364,0,
1.14E+18,522436003,Adriana,THIRTEENTH WARD,42.6689614,-73.7890379,Private room in guesthouse,Private room,1,,1,1,$37.53,28,365,236,2,3.5
1.14E+18,574235481,Lavern,FIRST WARD,42.64094,-73.7767,Entire home,Entire home/apt,4,,2,,,2,365,0,4,4
1.14E+18,129023424,Riccardo,THIRTEENTH WARD,42.67105,-73.7995,Entire rental unit,Entire home/apt,2,1,1,2,$181.50,2,1125,297,11,4.91
1.15E+18,233515764,Etem,SIXTH WARD,42.6524924,-73.7674361,Entire rental unit,Entire home/apt,4,1,1,3,$157.00,1,365,199,119,4.86
1.15E+18,233515764,Etem,SIXTH WARD,42.65274,-73.76779,Entire rental unit,Entire home/apt,4,1,1,3,$128.00,2,365,112,102,4.71
1.15E+18,576083630,Joseph,SIXTH WARD,42.6586049,-73.7680329,Entire rental unit,Entire home/apt,3,1,1,1,$164.00,2,90,227,19,4.68
1.16E+18,349460842,Scott,TENTH WARD,42.66428,-73.79249,Private room in home,Private room,1,1.5,,1,$71.82,28,365,269,2,5
1.16E+18,502037254,Andrew,THIRD WARD,42.65845,-73.75926,Entire rental unit,Entire home/apt,2,1,,,$108.43,30,365,269,0,
1.16E+18,47625981,Linda,SEVENTH WARD,42.64727,-73.76758,Entire rental unit,Entire home/apt,3,1,1,1,$216.00,1,365,309,16,4.38
1.17E+18,232967878,Diana,SIXTH WARD,42.65314,-73.7653,Entire rental unit,Entire home/apt,4,2,2,2,$235.00,2,365,93,79,4.9
1.17E+18,232967878,Diana,SEVENTH WARD,42.64442,-73.77938,Entire home,Entire home/apt,6,2,4,4,$399.50,2,365,68,32,4.97
1.17E+18,441054845,Thaddeus,THIRTEENTH WARD,42.66894,-73.79549,Entire rental unit,Entire home/apt,6,,3,,,2,365,0,76,4.93
1.18E+18,42708277,Rodney,SIXTH WARD,42.6534205,-73.7639758,Entire rental unit,Entire home/apt,2,1,,1,$200.00,1,1125,55,39,4.85
1.18E+18,42708277,Rodney,SIXTH WARD,42.65227,-73.7646,Entire rental unit,Entire home/apt,2,1,,1,$277.00,1,1125,36,43,4.74
1.18E+18,42708277,Rodney,SIXTH WARD,42.6524,-73.76351,Entire rental unit,Entire home/apt,2,1,,1,$187.00,1,1125,54,40,4.68
1.19E+18,29483818,Ben,SIXTH WARD,42.65327,-73.76181,Entire rental unit,Entire home/apt,3,1,1,2,$134.00,1,1125,123,249,4.94
1.19E+18,349460842,Scott,FOURTEENTH WARD,42.66612,-73.79275,Private room in home,Private room,1,1.5,,1,$47.04,28,365,209,0,
1.19E+18,232967878,Diana,NINTH WARD,42.65502,-73.79183,Entire home,Entire home/apt,6,1,4,5,$342.50,1,365,62,29,4.72
1.19E+18,37769478,Erion,SIXTH WARD,42.65333,-73.7711,Entire rental unit,Entire home/apt,2,1,2,2,$183.00,1,1125,349,50,4.84
1.19E+18,37769478,Erion,TENTH WARD,42.66215,-73.79048,Entire rental unit,Entire home/apt,2,1,1,1,$179.00,1,1125,320,56,4.79
1.19E+18,32379616,Fabiola,TENTH WARD,42.6605291,-73.7831549,Private room in home,Private room,1,,,1,$33.22,28,365,363,2,3
1.20E+18,121680792,Evolve,SIXTH WARD,42.655732,-73.764735,Entire condo,Entire home/apt,2,1,1,1,$293.60,5,1125,350,0,
1.20E+18,349460842,Scott,TENTH WARD,42.66269,-73.78163,Private room in home,Private room,1,1,,1,$71.16,30,365,350,0,
1.20E+18,413566290,Victoria,NINTH WARD,42.65506736,-73.79768461,Private room in home,Private room,1,3,8,1,$55.12,30,100,47,6,5
1.21E+18,349460842,Scott,TENTH WARD,42.6639,-73.7927,Private room in home,Private room,1,1.5,,1,$71.82,28,365,364,0,
1.21E+18,20536619,Emily,THIRTEENTH WARD,42.67318,-73.79345,Private room in home,Private room,1,1.5,,1,$97.00,4,10,88,4,5
1.22E+18,522436003,Adriana,THIRTEENTH WARD,42.66859,-73.78832,Private room in rental unit,Private room,1,1,,1,$38.48,28,365,336,4,4.75
1.23E+18,522436003,Adriana,THIRTEENTH WARD,42.6689404,-73.7890064,Private room in home,Private room,2,1,1,1,$86.00,1,365,350,0,
1.23E+18,52123673,Joseph,THIRTEENTH WARD,42.66955,-73.78542,Entire rental unit,Entire home/apt,5,1,3,3,$194.00,3,300,348,15,5
1.23E+18,106636448,Dan,SIXTH WARD,42.65507161,-73.76475095,Entire rental unit,Entire home/apt,3,1,1,2,$253.00,1,28,239,88,4.93
1.23E+18,233515764,Etem,SIXTH WARD,42.65173,-73.76786,Entire rental unit,Entire home/apt,4,1,1,3,$157.00,1,365,217,116,4.8
1.23E+18,564967431,Stephanie,SIXTH WARD,42.65046807,-73.76434796,Entire rental unit,Entire home/apt,2,1,1,1,$192.50,1,365,342,3,5
1.24E+18,594734396,Abdelrahman,SECOND WARD,42.6425,-73.75889,Private room in rental unit,Private room,1,1,,1,$69.00,1,365,361,40,4.8
1.25E+18,349460842,Scott,TENTH WARD,42.66517905,-73.79260148,Private room in home,Private room,1,1.5,,1,$71.82,28,365,304,1,5
1.25E+18,38324986,Gregory,EIGHTH WARD,42.64548739,-73.78960322,Entire home,Entire home/apt,6,2,3,2,$312.50,4,1125,362,0,
1.25E+18,349460842,Scott,TENTH WARD,42.66555578,-73.79269775,Private room in home,Private room,1,1.5,,1,$77.49,21,365,358,1,5
1.26E+18,37769478,Erion,SIXTH WARD,42.65422977,-73.76982577,Entire rental unit,Entire home/apt,2,1,1,1,$182.00,1,1125,331,26,4.58
1.26E+18,349460842,Scott,TENTH WARD,42.66226,-73.78221,Private room in home,Private room,1,1,,1,$55.24,30,365,161,0,
1.26E+18,47625981,Linda,SEVENTH WARD,42.64762857,-73.76751684,Entire rental unit,Entire home/apt,5,1,2,2,$263.00,1,365,333,43,4.72
1.27E+18,564967431,Stephanie,SIXTH WARD,42.65004675,-73.76402178,Entire rental unit,Entire home/apt,2,1,,1,$149.50,1,365,246,6,4.83
1.27E+18,1017349,Chris,SIXTH WARD,42.65319027,-73.769706,Private room in home,Private room,2,1.5,,1,,1,365,82,1,4
1.27E+18,270608641,Aleks,SIXTH WARD,42.6513797,-73.76947069,Entire rental unit,Entire home/apt,2,1,1,,$145.00,1,1125,352,62,4.89
1.27E+18,658588120,Melinda,TWELFTH WARD,42.68685059,-73.81405552,Entire rental unit,Entire home/apt,2,,,,,365,365,358,0,
1.27E+18,32379616,Fabiola,THIRD WARD,42.66487531,-73.76730339,Entire home,Entire home/apt,4,1,2,1,$85.12,1,365,336,1,5
1.28E+18,528617680,Paola,SECOND WARD,42.64531128,-73.757934,Private room in townhouse,Private room,1,1.5,2,1,$52.00,1,365,305,6,4.67
1.28E+18,32379616,Fabiola,THIRD WARD,42.664093,-73.7679519,Private room in rental unit,Private room,1,,1,1,$36.06,28,365,297,1,5
1.28E+18,661066080,Conseta,FOURTH WARD,42.67445143,-73.73835701,Entire home,Entire home/apt,4,,2,2,$289.00,1,7,177,5,3.8
1.29E+18,484673863,Michaela,NINTH WARD,42.65665628,-73.78182705,Entire rental unit,Entire home/apt,2,1,1,1,$206.00,1,365,348,39,4.74
1.29E+18,349460842,Scott,TENTH WARD,42.66229706,-73.78175574,Private room in home,Private room,1,1,,1,$46.39,30,365,132,0,
1.29E+18,353498132,Michael,EIGHTH WARD,42.64592834,-73.79876141,Entire rental unit,Entire home/apt,4,1,2,2,$155.00,13,1125,166,0,
1.30E+18,349460842,Scott,THIRTEENTH WARD,42.6634563,-73.78182815,Private room in home,Private room,1,1,,1,$71.16,30,365,227,1,5
1.30E+18,663670719,Elhadj,THIRTEENTH WARD,42.66434544,-73.77874573,Private room in rental unit,Private room,2,1,,1,$63.00,1,365,226,11,4.82
1.30E+18,663670719,Elhadj,ELEVENTH WARD,42.6629497,-73.77890271,Private room in rental unit,Private room,2,1,,1,$63.00,1,365,306,124,4.9
1.30E+18,44434571,Earl Vanze,SECOND WARD,42.64441207,-73.75226674,Entire rental unit,Entire home/apt,6,1,2,2,$230.00,1,1125,350,58,4.57
1.31E+18,349460842,Scott,TENTH WARD,42.66299895,-73.78255585,Private room in home,Private room,1,1,,1,$71.82,28,365,177,1,5
1.31E+18,349460842,Scott,TENTH WARD,42.66239947,-73.7827126,Private room in home,Private room,1,1,,1,$71.16,30,365,339,0,
1.31E+18,663670719,Elhadj,ELEVENTH WARD,42.66375891,-73.77674407,Private room in rental unit,Private room,2,1,,1,$66.00,1,365,282,71,4.92
1.32E+18,559146397,Cathleen,SIXTH WARD,42.65331,-73.76971,Entire rental unit,Entire home/apt,2,1,1,1,$95.45,31,180,318,0,
1.32E+18,252422913,Dennis,FIFTEENTH WARD,42.67077854,-73.82525055,Entire rental unit,Entire home/apt,6,1,3,3,$244.50,2,1125,171,8,5
1.33E+18,666182267,Tyler,SIXTH WARD,42.65015,-73.76337,Entire home,Entire home/apt,8,2,3,3,$195.50,2,365,254,54,4.67
1.33E+18,392074908,Jerry,SIXTH WARD,42.65262,-73.76134,Entire rental unit,Entire home/apt,2,1,1,1,$160.50,2,365,321,6,4.67
1.33E+18,559146397,Cathleen,SIXTH WARD,42.65344807,-73.76942854,Entire rental unit,Entire home/apt,2,1,1,1,$96.81,31,1125,333,0,
1.33E+18,44434571,Earl Vanze,SECOND WARD,42.644075,-73.7545279,Entire rental unit,Entire home/apt,10,1,3,3,$229.00,1,1125,302,51,4.59
1.35E+18,299638115,Flerida,SIXTH WARD,42.6556643,-73.7618859,Entire rental unit,Entire home/apt,2,1,1,1,$158.33,1,1125,361,17,4.41
1.35E+18,10279606,Nori,FIFTEENTH WARD,42.67003714,-73.82302715,Entire home,Entire home/apt,6,1.5,3,3,$370.88,1,365,337,82,4.9
1.36E+18,32379616,Fabiola,THIRD WARD,42.66526305,-73.7671607,Entire rental unit,Entire home/apt,4,1,2,2,$93.96,28,365,346,0,
1.36E+18,650062372,The Essencesless Cozy Stay,THIRTEENTH WARD,42.66891,-73.79096,Entire home,Entire home/apt,5,1,3,3,$349.00,1,200,319,8,4.13
1.37E+18,680411288,Stephanie,EIGHTH WARD,42.64533015,-73.78913105,Entire home,Entire home/apt,8,2.5,4,4,$354.00,2,1125,214,51,4.86
1.37E+18,584109093,Cecilia,FOURTH WARD,42.66159372,-73.75439957,Entire rental unit,Entire home/apt,4,1,2,4,$149.00,1,1125,318,57,4.65
1.37E+18,521669673,Kody,FIFTH WARD,42.66023621,-73.75777995,Entire rental unit,Entire home/apt,4,1,2,1,$84.00,14,365,274,0,
1.37E+18,121680792,Evolve,FIRST WARD,42.63962652,-73.77330801,Entire home,Entire home/apt,6,1,3,3,$273.00,2,1125,361,1,3
1.37E+18,20536619,Emily,TENTH WARD,42.66315402,-73.78910124,Entire rental unit,Entire home/apt,8,1,4,4,$164.87,28,89,169,1,5
1.37E+18,265861488,Vander,SIXTH WARD,42.65040603,-73.76433185,Entire rental unit,Entire home/apt,4,1,1,2,$132.00,1,28,305,97,4.84
1.37E+18,193923901,Liza,FOURTEENTH WARD,42.67057,-73.80939,Entire home,Entire home/apt,8,2,3,6,$354.00,1,1125,287,38,5
1.38E+18,385963105,Samantha,FOURTEENTH WARD,42.66598411,-73.81880097,Entire home,Entire home/apt,5,2.5,3,3,$219.57,7,30,68,3,5
1.38E+18,233515764,Etem,SEVENTH WARD,42.64764409,-73.77159254,Entire rental unit,Entire home/apt,2,1,1,1,$148.00,1,365,209,13,4.85
1.38E+18,20536619,Emily,TENTH WARD,42.66148231,-73.78761856,Private room in rental unit,Private room,1,,,,,56,89,0,3,5
1.38E+18,20536619,Emily,TENTH WARD,42.66310642,-73.7871616,Private room in rental unit,Private room,2,,,,,56,100,0,2,5
1.38E+18,20536619,Emily,TENTH WARD,42.661831,-73.78755057,Private room in rental unit,Private room,2,,,,,56,100,0,2,5
1.38E+18,233515764,Etem,SEVENTH WARD,42.64628669,-73.77153089,Entire rental unit,Entire home/apt,2,1,1,1,$148.00,1,365,301,47,4.74
1.38E+18,466790114,⁨Premier Stay Co.⁩,ELEVENTH WARD,42.68231685,-73.78367156,Entire rental unit,Entire home/apt,3,1,1,2,$87.00,1,21,363,17,4.06
1.38E+18,654226760,Chris,FOURTEENTH WARD,42.66191,-73.7974412,Entire rental unit,Entire home/apt,5,1,3,3,$297.00,1,1125,356,62,4.98
1.38E+18,20536619,Emily,TENTH WARD,42.66317304,-73.78912755,Private room in rental unit,Private room,1,,,,,56,100,0,1,5
1.39E+18,55596850,Alain,NINTH WARD,42.66002,-73.79333,Private room in rental unit,Private room,1,1,,3,$54.86,8,700,258,1,5
1.39E+18,466790114,⁨Premier Stay Co.⁩,FIFTH WARD,42.67652149,-73.78111384,Entire rental unit,Entire home/apt,2,1,1,1,$88.00,1,21,363,12,4.83
1.39E+18,55596850,Alain,NINTH WARD,42.65947528,-73.7936812,Private room in home,Private room,1,1,,3,$56.23,7,700,271,5,5
1.40E+18,116935236,F S,THIRTEENTH WARD,42.66991719,-73.78632927,Private room in rental unit,Private room,1,2,,1,$57.20,5,365,319,4,4.5
1.40E+18,55596850,Alain,FOURTEENTH WARD,42.66111606,-73.7940814,Private room in home,Private room,1,1,,3,$38.19,28,365,257,3,5
1.40E+18,32379616,Fabiola,TENTH WARD,42.6605291,-73.7831549,Entire home,Entire home/apt,5,1,4,4,$120.00,14,365,359,2,4
1.41E+18,32379616,Fabiola,TENTH WARD,42.6599033,-73.78257397,Private room in home,Private room,1,1,,1,$35.75,28,365,305,0,
1.41E+18,692671333,Paul,FOURTH WARD,42.6722593,-73.73905199,Entire rental unit,Entire home/apt,2,1,1,1,$159.00,2,28,57,7,5
1.43E+18,71003491,Yasiel,THIRD WARD,42.65665,-73.74868,Entire home,Entire home/apt,12,3.5,4,8,$540.00,2,1125,241,22,5
1.43E+18,52123673,Joseph,THIRTEENTH WARD,42.66915985,-73.78528794,Entire rental unit,Entire home/apt,6,1,3,3,$258.50,2,365,350,4,5
1.43E+18,531209536,Amar,THIRD WARD,42.65792079,-73.75026566,Entire rental unit,Entire home/apt,2,,1,,$157.00,1,365,110,1,5
1.43E+18,466790114,⁨Premier Stay Co.⁩,ELEVENTH WARD,42.68224687,-73.7833839,Entire rental unit,Entire home/apt,4,1,1,2,$94.00,1,25,364,21,4.24
1.43E+18,466790114,⁨Premier Stay Co.⁩,ELEVENTH WARD,42.68052557,-73.78524616,Entire rental unit,Entire home/apt,2,1,1,1,$85.00,1,21,358,7,4.43
1.44E+18,167102397,Nathan,SIXTH WARD,42.65422697,-73.76720391,Entire rental unit,Entire home/apt,2,1,1,1,$117.00,2,30,243,29,4.86
1.44E+18,130497392,Dale,SIXTH WARD,42.65759,-73.7652,Entire home,Entire home/apt,4,2,2,2,,7,90,365,0,
1.44E+18,44434571,Earl Vanze,SECOND WARD,42.64439,-73.75296,Entire rental unit,Entire home/apt,6,1,2,2,$242.00,1,365,167,35,4.6
1.44E+18,652223872,Umit,TENTH WARD,42.66035,-73.78296,Private room in rental unit,Private room,1,1,,1,$43.67,3,365,365,2,2.5
1.45E+18,52123673,Joseph,THIRTEENTH WARD,42.66951,-73.78736,Entire rental unit,Entire home/apt,4,1,3,3,$220.00,2,365,361,3,5
1.45E+18,44434571,Earl Vanze,SECOND WARD,42.64587,-73.75356,Entire rental unit,Entire home/apt,5,1,2,2,$180.00,1,365,353,15,4.73
1.45E+18,675767467,Jeffrey,SECOND WARD,42.64535,-73.75678,Entire rental unit,Entire home/apt,2,1,1,1,$75.00,1,365,319,88,4.61
1.45E+18,675767467,Jeffrey,SECOND WARD,42.64510481,-73.75712113,Entire rental unit,Entire home/apt,2,1,1,1,$75.00,1,365,323,84,4.64
1.45E+18,696324825,Martin,ELEVENTH WARD,42.67878121,-73.7821292,Room in hotel,Hotel room,4,,1,,,1,365,87,2,1
1.45E+18,172658781,Jessica,NINTH WARD,42.6561578,-73.7921126,Entire rental unit,Entire home/apt,4,1,2,2,$107.48,31,365,70,2,5
1.45E+18,466790114,⁨Premier Stay Co.⁩,FIFTH WARD,42.67619,-73.78121,Entire rental unit,Entire home/apt,2,1,1,1,$83.00,1,22,365,3,3.67
1.45E+18,466790114,⁨Premier Stay Co.⁩,FIFTH WARD,42.67639,-73.78086,Entire rental unit,Entire home/apt,2,1,1,1,$90.00,1,21,363,15,4.53
1.45E+18,466790114,⁨Premier Stay Co.⁩,FIFTH WARD,42.67612,-73.78092,Entire rental unit,Entire home/apt,2,1,1,1,$104.00,1,21,361,21,4.38
1.46E+18,37769478,Erion,TENTH WARD,42.66355585,-73.79345889,Entire rental unit,Entire home/apt,2,1,1,1,$160.00,1,1125,353,7,4.57
1.46E+18,363028988,Roland,FOURTEENTH WARD,42.6677,-73.80023,Entire condo,Entire home/apt,2,1,,1,$81.40,5,1125,300,24,4.83
1.46E+18,272907816,Angela,SECOND WARD,42.64604,-73.75419,Entire rental unit,Entire home/apt,4,1,2,1,$309.00,1,29,83,17,4.94
1.46E+18,181867269,Andres,SECOND WARD,42.64403,-73.75853,Entire condo,Entire home/apt,4,1,2,2,$199.00,1,365,322,52,4.75
1.46E+18,181867269,Andres,SECOND WARD,42.64491,-73.7594,Entire rental unit,Entire home/apt,4,1,2,2,$199.00,1,365,343,38,4.82
1.47E+18,418250661,Stephanie,THIRD WARD,42.65704,-73.75167,Entire rental unit,Entire home/apt,4,1,1,1,$132.71,14,1125,350,0,
1.47E+18,466790114,⁨Premier Stay Co.⁩,FIFTH WARD,42.67627,-73.78226,Entire rental unit,Entire home/apt,2,1,1,2,$91.00,1,21,360,6,4.5
1.47E+18,466790114,⁨Premier Stay Co.⁩,ELEVENTH WARD,42.68022603,-73.78336881,Entire rental unit,Entire home/apt,2,1,1,1,$97.00,1,21,360,5,4.2
1.47E+18,564967431,Stephanie,SIXTH WARD,42.6511612,-73.76489494,Entire rental unit,Entire home/apt,2,1,1,1,$139.00,2,365,290,2,4
1.47E+18,47625981,Linda,FOURTH WARD,42.65791,-73.74669,Entire rental unit,Entire home/apt,2,1,1,1,$171.50,1,365,352,13,4.92
1.47E+18,20536619,Emily,TENTH WARD,42.66295,-73.78792,Private room in home,Private room,1,1,,1,$82.25,4,100,50,2,5
1.47E+18,20536619,Emily,TENTH WARD,42.66241618,-73.78837961,Private room in home,Private room,1,1,,1,$77.60,5,95,114,1,5
1.47E+18,20536619,Emily,TENTH WARD,42.66325814,-73.7898267,Private room in home,Private room,1,1,,1,$83.14,21,100,36,2,5
1.48E+18,20536619,Emily,TENTH WARD,42.66232293,-73.78771391,Private room in home,Private room,1,1,,1,$42.83,28,100,102,2,5
1.48E+18,710552538,Jonathan,THIRD WARD,42.6498098,-73.7532565,Entire condo,Entire home/apt,2,1,1,1,$120.00,2,150,164,11,5
1.48E+18,10279606,Nori,NINTH WARD,42.65547,-73.78949,Entire home,Entire home/apt,8,2.5,3,4,$485.00,1,365,315,58,4.93
1.48E+18,130497392,Dale,SIXTH WARD,42.65787364,-73.76544768,Entire rental unit,Entire home/apt,4,2,2,2,,3,90,361,0,
1.48E+18,20536619,Emily,TENTH WARD,42.66344,-73.78752,Entire home,Entire home/apt,9,1,4,4,$159.69,28,100,102,0,
1.48E+18,19648678,Ming,SIXTH WARD,42.6523779,-73.7671603,Entire rental unit,Entire home/apt,2,1,1,1,$160.00,1,365,345,36,4.97
1.48E+18,466790114,⁨Premier Stay Co.⁩,ELEVENTH WARD,42.67808,-73.78208,Entire rental unit,Entire home/apt,4,1,1,2,$88.00,1,21,363,5,3.8
1.48E+18,466790114,⁨Premier Stay Co.⁩,FIFTH WARD,42.67580178,-73.78036875,Entire rental unit,Entire home/apt,2,1,1,1,$83.00,1,21,359,2,4
1.48E+18,466790114,⁨Premier Stay Co.⁩,FIFTH WARD,42.67736,-73.78108,Entire rental unit,Entire home/apt,4,1,1,2,$87.00,1,21,356,10,4.2
1.48E+18,466790114,⁨Premier Stay Co.⁩,ELEVENTH WARD,42.6809405,-73.7846106,Entire rental unit,Entire home/apt,2,1,1,1,$90.00,1,22,357,11,4.64
1.49E+18,466790114,⁨Premier Stay Co.⁩,ELEVENTH WARD,42.68205,-73.7846,Entire rental unit,Entire home/apt,4,1,1,2,$92.00,1,21,365,1,3
1.49E+18,466790114,⁨Premier Stay Co.⁩,ELEVENTH WARD,42.68211,-73.78306,Entire rental unit,Entire home/apt,4,1,1,2,$87.00,1,21,362,4,3.25
1.50E+18,111760206,Rachel,SIXTH WARD,42.65334,-73.76605,Entire rental unit,Entire home/apt,3,1,1,1,$115.00,1,1125,166,47,4.87
1.50E+18,478816393,Lee,THIRD WARD,42.6567,-73.75412,Entire home,Entire home/apt,8,2,3,3,$295.20,1,1125,203,38,5
1.50E+18,534733076,Danyal,SIXTH WARD,42.65326151,-73.76980903,Private room in rental unit,Private room,2,1,,1,$67.00,2,365,71,22,4.73
1.50E+18,188679144,Elizabeth,SIXTH WARD,42.65479,-73.76274,Entire rental unit,Entire home/apt,2,1,1,1,$98.54,30,365,365,0,
1.51E+18,79099670,Nathan,SEVENTH WARD,42.64166,-73.78424,Private room in home,Private room,1,1,1,1,$126.00,1,90,136,3,5
1.51E+18,390089294,Traverse,SIXTH WARD,42.65294,-73.76511,Entire rental unit,Entire home/apt,2,1,1,1,$160.00,1,365,359,0,
1.51E+18,390089294,Traverse,FOURTH WARD,42.67410613,-73.75067767,Entire rental unit,Entire home/apt,3,1,1,1,$173.70,2,365,135,1,5
1.51E+18,390089294,Traverse,SIXTH WARD,42.65562,-73.76445,Entire home,Entire home/apt,3,1,1,1,$127.50,2,365,358,0,
1.51E+18,390089294,Traverse,SIXTH WARD,42.65426,-73.76308,Entire home,Entire home/apt,2,1,1,1,$116.00,2,365,359,1,5
1.51E+18,390089294,Traverse,SIXTH WARD,42.65228,-73.76491,Entire rental unit,Entire home/apt,2,1,1,1,$136.50,2,365,361,0,
1.51E+18,390089294,Traverse,SIXTH WARD,42.65303,-73.76101,Entire rental unit,Entire home/apt,3,1,1,1,$213.00,2,365,358,0,
1.52E+18,188679144,Elizabeth,NINTH WARD,42.65527,-73.78585,Entire rental unit,Entire home/apt,6,1,3,3,$193.23,7,365,339,1,5
1.52E+18,488778056,Kotun,TENTH WARD,42.65841,-73.78321,Entire home,Entire home/apt,8,2,4,4,$465.00,1,365,320,32,4.94
1.52E+18,466790114,⁨Premier Stay Co.⁩,ELEVENTH WARD,42.6817,-73.78439,Entire rental unit,Entire home/apt,2,1,1,1,$102.00,1,21,365,5,4.6
1.52E+18,37769478,Erion,SIXTH WARD,42.65393,-73.7693,Entire rental unit,Entire home/apt,2,1,1,1,$143.00,1,1125,329,13,4.85
1.52E+18,706406610,JNM Living Spaces,SIXTH WARD,42.65323354,-73.76717951,Entire rental unit,Entire home/apt,2,1,,1,$234.00,1,365,330,3,4.67
1.53E+18,478607033,Meredith,NINTH WARD,42.65539199,-73.79223162,Private room in rental unit,Private room,2,1,1,1,$106.00,1,363,125,0,
1.53E+18,37769478,Erion,SIXTH WARD,42.6542,-73.77128,Entire rental unit,Entire home/apt,4,1,2,2,$210.00,1,1125,324,27,4.96
1.53E+18,15064470,Rebecca,EIGHTH WARD,42.64273222,-73.79208774,Entire home,Entire home/apt,5,1,2,2,$185.00,1,365,282,53,5
1.53E+18,340511465,AnnMarie,NINTH WARD,42.64724,-73.79126,Private room in home,Private room,4,1,2,2,$109.00,1,365,323,12,4.75
1.54E+18,478607033,Meredith,NINTH WARD,42.65602,-73.79093,Private room in rental unit,Private room,2,1,1,1,$88.56,1,365,313,1,5
1.54E+18,466790114,⁨Premier Stay Co.⁩,ELEVENTH WARD,42.68018,-73.78375,Entire rental unit,Entire home/apt,4,1,1,2,$115.00,1,21,351,12,4.33
1.54E+18,466790114,⁨Premier Stay Co.⁩,ELEVENTH WARD,42.68006,-73.78465,Entire rental unit,Entire home/apt,4,1,1,2,$105.00,1,21,354,3,4
1.54E+18,455342215,Allah,FIRST WARD,42.63622,-73.76152,Entire rental unit,Entire home/apt,2,1,2,2,$82.16,1,365,351,0,
1.54E+18,476189412,Timothy,SECOND WARD,42.64685431,-73.75872251,Entire serviced apartment,Entire home/apt,4,2,2,2,$538.50,2,1125,90,17,5
1.54E+18,107206246,Furdowse,FOURTEENTH WARD,42.6588327,-73.8016217,Entire rental unit,Entire home/apt,4,1,2,2,$253.00,1,28,349,13,5
1.54E+18,349460842,Scott,TENTH WARD,42.6618257,-73.7869405,Private room in home,Private room,1,2,1,1,$71.82,28,365,312,1,5
1.55E+18,19648678,Ming,SIXTH WARD,42.65363856,-73.76603516,Entire rental unit,Entire home/apt,2,1,1,1,$119.00,1,1125,341,19,4.68
1.55E+18,349460842,Scott,TENTH WARD,42.66271914,-73.78779238,Private room in home,Private room,1,2,1,1,$71.82,28,365,320,0,
1.55E+18,147780154,Julia,EIGHTH WARD,42.65669424,-73.81901754,Entire home,Entire home/apt,4,1.5,2,2,,3,365,358,0,
1.56E+18,466790114,⁨Premier Stay Co.⁩,ELEVENTH WARD,42.67997,-73.78387,Entire rental unit,Entire home/apt,4,1,1,2,$95.00,1,21,365,4,3.5
1.56E+18,302714563,Sherra,SIXTH WARD,42.6508268,-73.7668402,Entire rental unit,Entire home/apt,2,1,2,2,$177.00,1,365,46,3,5
1.56E+18,188679144,Elizabeth,NINTH WARD,42.65644,-73.78689,Entire rental unit,Entire home/apt,6,1,3,3,$158.59,14,365,357,1,5
1.57E+18,706406610,JNM Living Spaces,SIXTH WARD,42.6538803,-73.7679765,Entire rental unit,Entire home/apt,2,1,,1,$148.50,2,365,288,4,4
1.57E+18,466790114,⁨Premier Stay Co.⁩,ELEVENTH WARD,42.68137,-73.78513,Entire rental unit,Entire home/apt,2,1,1,1,$85.00,1,21,362,14,4.21
1.57E+18,233515764,Etem,SIXTH WARD,42.65195581,-73.76696732,Entire rental unit,Entire home/apt,3,1,1,3,$126.00,1,365,26,1,5
1.57E+18,413566290,Victoria,NINTH WARD,42.65524021,-73.79811075,Private room in home,Private room,1,3,8,1,$77.11,1,365,67,3,5
1.57E+18,263502162,Landing,NINTH WARD,42.65309,-73.77427,Entire rental unit,Entire home/apt,4,2,2,2,,30,365,349,2,5
1.57E+18,263502162,Landing,SIXTH WARD,42.65444884,-73.77460435,Entire rental unit,Entire home/apt,2,1,1,1,,30,365,347,2,4.5
1.57E+18,413566290,Victoria,NINTH WARD,42.65319,-73.78387,Private room in home,Private room,1,,4,,$63.05,7,365,189,4,4.75
1.58E+18,466790114,⁨Premier Stay Co.⁩,ELEVENTH WARD,42.68146,-73.78313,Entire rental unit,Entire home/apt,2,1,1,1,$99.00,1,21,362,5,4.2
1.58E+18,466790114,⁨Premier Stay Co.⁩,ELEVENTH WARD,42.68006,-73.78386,Entire rental unit,Entire home/apt,2,1,1,1,$91.00,1,21,362,9,4
1.58E+18,121680792,Evolve,THIRTEENTH WARD,42.66958,-73.79722,Entire home,Entire home/apt,8,1,3,5,$203.50,4,1125,329,1,5
1.59E+18,61433748,Kristy,THIRD WARD,42.6550306,-73.7517294,Entire home,Entire home/apt,2,1,1,1,$190.00,1,365,11,14,4.86
1.60E+18,323992015,Tanya,EIGHTH WARD,42.64514,-73.78866,Entire home,Entire home/apt,9,2,4,5,$342.50,1,365,312,6,5
1.60E+18,739585626,Olena,SECOND WARD,42.64533778,-73.7601644,Entire townhouse,Entire home/apt,6,1,1,6,$115.00,1,365,340,2,4.5
1.60E+18,47625981,Linda,SEVENTH WARD,42.64901303,-73.76681392,Entire rental unit,Entire home/apt,5,1.5,2,2,$269.00,1,365,344,6,4.33
1.60E+18,73777155,Rich,EIGHTH WARD,42.65162,-73.81077,Entire home,Entire home/apt,4,1,2,2,$208.50,2,365,166,5,5
1.60E+18,42708277,Rodney,SIXTH WARD,42.65462,-73.76027,Entire rental unit,Entire home/apt,2,1,,1,$185.00,1,365,361,11,4.45
1.61E+18,114629237,Bronson,FIFTH WARD,42.66915741,-73.76762621,Entire home,Entire home/apt,6,,2,,,2,1125,0,2,3
1.61E+18,466790114,⁨Premier Stay Co.⁩,ELEVENTH WARD,42.68169,-73.78467,Entire rental unit,Entire home/apt,2,1,1,1,$83.00,1,365,365,1,3
1.61E+18,466790114,⁨Premier Stay Co.⁩,ELEVENTH WARD,42.68166,-73.78337,Entire rental unit,Entire home/apt,2,1,1,1,$114.00,1,21,348,1,1
1.61E+18,466790114,⁨Premier Stay Co.⁩,ELEVENTH WARD,42.68231,-73.78321,Entire rental unit,Entire home/apt,2,1,1,1,$81.00,1,21,364,1,1
1.61E+18,349460842,Scott,TENTH WARD,42.66238268,-73.78640926,Private room in home,Private room,1,2,1,1,$71.82,28,365,276,1,5
1.61E+18,685706660,Antonio,FIRST WARD,42.63919025,-73.7753294,Entire home,Entire home/apt,6,1,2,3,$147.78,1,365,119,12,4.83
1.61E+18,19648678,Ming,SIXTH WARD,42.6521437,-73.76736432,Entire rental unit,Entire home/apt,2,1,1,1,$164.00,1,1125,343,22,4.91
1.62E+18,746227721,Idongesit,SIXTH WARD,42.65458,-73.76775,Private room in home,Private room,2,1.5,1,2,$71.00,1,365,339,5,4.8
1.62E+18,349460842,Scott,TENTH WARD,42.66113314,-73.78734172,Private room in home,Private room,1,2,1,1,$77.49,21,365,319,0,
1.62E+18,746227721,Idongesit,SIXTH WARD,42.65298117,-73.76566749,Entire home,Entire home/apt,6,1.5,3,4,$226.00,1,365,334,10,4.9
1.62E+18,433096110,Brian,FOURTEENTH WARD,42.6586448,-73.8022004,Entire home,Entire home/apt,8,1.5,3,4,$287.58,1,365,356,9,5
1.63E+18,746227721,Idongesit,SIXTH WARD,42.65389,-73.76616,Private room in home,Private room,2,1.5,1,1,$71.00,1,365,335,2,4.5
1.63E+18,746227721,Idongesit,SIXTH WARD,42.65395419,-73.76604152,Private room in home,Private room,2,1.5,1,2,$71.00,1,1125,341,5,3.8
1.63E+18,49372011,Philip,SEVENTH WARD,42.64745,-73.76968,Entire rental unit,Entire home/apt,6,2,3,3,$320.00,1,1125,353,2,4.5
1.63E+18,363028988,Roland,THIRTEENTH WARD,42.66923873,-73.79797219,Entire rental unit,Entire home/apt,6,1,3,3,$158.40,5,365,299,3,4.33
1.63E+18,484673863,Michaela,NINTH WARD,42.6549957,-73.7757215,Entire rental unit,Entire home/apt,2,1,1,1,$225.00,1,365,347,6,4.67
1.64E+18,363028988,Roland,FOURTEENTH WARD,42.66827,-73.79883,Private room in rental unit,Private room,2,1,1,1,$50.03,5,365,343,0,
1.64E+18,363028988,Roland,FOURTEENTH WARD,42.66783,-73.80053,Private room in rental unit,Private room,2,1,1,1,$46.93,5,365,310,1,5
1.64E+18,363028988,Roland,THIRTEENTH WARD,42.66919,-73.79865,Private room in rental unit,Private room,2,1,1,1,$69.40,5,365,299,3,5
1.64E+18,338394812,Yuriy,NINTH WARD,42.65427,-73.78645,Entire rental unit,Entire home/apt,4,1,2,1,$149.50,2,365,349,8,4.88
1.64E+18,705140675,CH Hotels,THIRD WARD,42.645489,-73.7502916,Room in hotel,Hotel room,4,1,1,2,$124.00,1,365,313,0,
1.64E+18,705140675,CH Hotels,THIRD WARD,42.645489,-73.7502916,Room in hotel,Hotel room,4,1,1,2,$124.00,1,365,313,0,
1.64E+18,705140675,CH Hotels,THIRD WARD,42.645489,-73.7502916,Room in hotel,Hotel room,8,2,2,4,$248.00,1,365,312,0,
1.64E+18,705140675,CH Hotels,THIRD WARD,42.645489,-73.7502916,Room in hotel,Hotel room,8,2,2,4,$248.00,1,365,312,0,
1.64E+18,705140675,CH Hotels,THIRD WARD,42.64549,-73.75029,Room in hotel,Hotel room,12,3,3,6,$372.00,1,365,312,0,
1.64E+18,705140675,CH Hotels,THIRD WARD,42.645489,-73.7502916,Room in hotel,Hotel room,12,3,3,6,$372.00,1,365,312,0,
1.64E+18,705140675,CH Hotels,THIRD WARD,42.645489,-73.7502916,Room in hotel,Hotel room,2,1,1,1,$124.00,1,365,316,0,
1.64E+18,705140675,CH Hotels,THIRD WARD,42.645489,-73.7502916,Room in hotel,Hotel room,2,1,1,1,$124.00,1,365,316,0,
1.65E+18,206292817,Eugene,SIXTH WARD,42.65384,-73.76763,Entire rental unit,Entire home/apt,5,1,2,3,$132.67,3,365,331,6,5
1.65E+18,37769478,Erion,SIXTH WARD,42.6536325,-73.7702348,Entire rental unit,Entire home/apt,2,1,1,1,$166.00,1,1125,336,6,5
1.65E+18,376559722,Zoe,NINTH WARD,42.65544,-73.77679,Entire home,Entire home/apt,5,1,3,3,$160.00,1,365,13,6,5
1.65E+18,744091135,RedAwning Vacation Rentals,TENTH WARD,42.6618,-73.7901,Entire home,Entire home/apt,8,1.5,4,5,$442.00,1,365,35,2,4
1.65E+18,206292817,Eugene,SIXTH WARD,42.65356,-73.76744,Entire rental unit,Entire home/apt,5,1,2,3,$131.67,3,365,335,5,4.8
1.66E+18,754206433,Laura,SIXTH WARD,42.65189236,-73.76530666,Entire rental unit,Entire home/apt,4,1,1,1,$125.00,1,365,315,14,4.93
1.67E+18,32379616,Fabiola,TENTH WARD,42.66007822,-73.78203277,Private room in home,Private room,1,1,4,1,$44.83,28,365,361,0,
1.67E+18,466790114,⁨Premier Stay Co.⁩,TWELFTH WARD,42.68228286,-73.78503145,Entire rental unit,Entire home/apt,2,1,1,1,$89.00,1,21,365,1,5
1.67E+18,233515764,Etem,SIXTH WARD,42.65340967,-73.76791194,Entire rental unit,Entire home/apt,2,1,1,1,$123.50,2,365,244,4,5
1.67E+18,37769478,Erion,SIXTH WARD,42.6536325,-73.7702348,Entire rental unit,Entire home/apt,2,1,1,1,$208.00,1,365,351,1,5
1.67E+18,1.67E+18,Jose,ELEVENTH WARD,42.66748,-73.77681,Private room in rental unit,Private room,1,1,1,1,$42.07,30,90,163,0,
1.68E+18,1.68E+18,Janelle,FIRST WARD,42.6378758,-73.7594293,Entire rental unit,Entire home/apt,4,1,2,2,$224.00,1,365,362,2,4.5
1.68E+18,466790114,⁨Premier Stay Co.⁩,ELEVENTH WARD,42.68014,-73.78438,Entire rental unit,Entire home/apt,2,1,1,1,$96.00,1,21,362,3,4.33
1.68E+18,466790114,⁨Premier Stay Co.⁩,ELEVENTH WARD,42.6814,-73.7843,Entire rental unit,Entire home/apt,2,1,1,1,$97.00,1,21,364,1,5
1.68E+18,466790114,⁨Premier Stay Co.⁩,ELEVENTH WARD,42.68033,-73.78411,Entire rental unit,Entire home/apt,2,1,1,1,$91.00,1,21,358,0,
1.68E+18,107206246,Furdowse,FOURTEENTH WARD,42.65883,-73.80162,Entire rental unit,Entire home/apt,4,1,1,2,$200.16,1,28,361,0,
1.68E+18,167102397,Nathan,SIXTH WARD,42.65293,-73.76674,Entire rental unit,Entire home/apt,3,1,2,2,$206.00,1,30,209,4,4.75
1.68E+18,512736975,Miguelino,TENTH WARD,42.66096,-73.77585,Entire rental unit,Entire home/apt,4,1,1,2,$149.00,1,365,193,0,
1.69E+18,3073250,Dan,SIXTH WARD,42.6512308,-73.7624463,Entire rental unit,Entire home/apt,2,1,1,1,$213.00,1,365,319,0,
1.70E+18,522436003,Adriana,SIXTH WARD,42.6538498,-73.77216,Private room in rental unit,Private room,1,2,1,1,$114.50,2,365,359,0,
1.70E+18,522436003,Adriana,SIXTH WARD,42.6538498,-73.77216,Private room in rental unit,Private room,1,2,2,1,$86.00,2,365,362,0,
1.70E+18,32379616,Fabiola,THIRD WARD,42.66314604,-73.76845825,Private room in rental unit,Private room,1,1,1,1,$44.75,28,365,365,0,
